1	UBUE 25LBS	25.50	0.00	25.00	8.00	0.00	0.00	25.25	25.95	0.20	1	0.40	20.00	18.00	0.00	0.00	0	0.00	1	0.10	0.20	0.00	0.00	0	lb	0.00	0.00	0.00	0.00	1	20	760	485510	1238820.780.00	3	7.447945:8.613886:5.415139:8.328797:5.615157:6.006616:8.830886	0.873450:11.123503:10.898629:10.348123:0.950207:11.299865:15.291524:5.705321	(-0.674305:-1.192172)(-0.114478:0.040563)(1.332835:0.159776)(2.889275:-0.906381)(3.620112:-0.669884)(4.725877:-1.001028)(4.905650:-0.310150)(5.459098:-0.919126)(7.552397:-1.208124)	0.9660			0.00	0.00	0.00	0.00	0	0	0.00	0	0.00	0.00	0.00	0.00	8.00	0.10
2	 Whole Rye flour 50Lbs	50.50	0.00	49.70	35.00	0.00	0.00	50.30	50.75	31.80	0	0.00	16.00	10.00	0.00	0.00	0	0.00	1	0.10	0.10	0.00	0.00	0	lb	0.00	0.00	0.00	0.00	0	30	1310	412180	2082857.860.00	3				0.0000			0.00	0.00	0.00	0.00	0	0	0.00	0	0.00	0.00	0.00	0.00	8.00	0.10
3	Bag 3 bran	40.50	0.00	39.70	25.50	0.00	0.00	40.50	40.65	25.50	0	2.00	50.00	20.00	0.00	0.00	0	0.00	1	0.40	0.25	0.00	0.00	0	lb	0.00	0.00	0.00	0.00	0	00	00	00	0.000.00	4				0.0000			0.00	0.00	0.00	0.00	0	0	0.00	0	0.00	0.00	0.00	0.00	0.00	0.00
4	UBUE Flour 50Lbs	50.50	0.00	49.55	28.00	0.00	0.00	50.10	50.95	31.80	0	2.00	30.00	18.00	0.00	0.00	0	0.00	1	0.10	0.20	0.00	0.00	0	lb	0.00	0.00	0.00	0.00	0	50	1600	976800	4926829.940.00	3				0.0000			0.00	0.00	0.00	0.00	0	0	0.00	0	0.00	0.00	0.00	0.00	8.00	0.10
5	Whole Rye flour 25 Lbs	25.20	0.00	24.55	10.05	0.00	0.00	25.10	25.65	6.50	0	2.00	26.00	15.00	0.00	0.00	0	0.00	1	0.10	0.10	0.00	0.00	0	lb	0.00	0.00	0.00	0.00	0	40	280	105450	323396.200.00	3				0.0000			0.00	0.00	0.00	0.00	0	0	0.00	0	0.00	0.00	0.00	0.00	8.00	0.10
6	6: Blue corn flour 25Lbs	25.50	0.00	24.75	12.00	0.00	0.00	25.50	25.90	6.80	1	0.40	21.00	18.00	0.00	0.00	0	0.00	1	0.10	0.10	0.00	0.00	0	lb	0.00	0.00	0.00	0.00	0	20	230	84280	271895.860.00	3				0.0000			0.00	0.00	0.00	0.00	0	0	0.00	0	0.00	0.00	0.00	0.00	8.00	0.10
7	Blue corn flour 50Lbs	50.50	0.00	49.35	30.00	0.00	0.00	50.30	50.95	31.80	1	0.45	25.00	15.00	0.00	0.00	0	0.00	1	0.10	0.10	0.00	0.00	0	lb	0.00	0.00	0.00	0.00	0	10	150	46100	233097.700.00	3				0.0000			0.00	0.00	0.00	0.00	0	0	0.00	0	0.00	0.00	0.00	0.00	8.00	0.10
8	WHOLE WHEAT FLOUR 50#	50.50	0.00	50.10	38.50	0.00	0.00	50.30	51.10	31.80	0	2.00	12.00	16.00	0.00	0.00	0	0.00	1	0.10	0.20	0.00	0.00	0	lb	0.00	0.00	0.00	0.00	0	20	120	51960	257480.840.00	3				0.0000			0.00	0.00	0.00	0.00	0	0	0.00	0	0.00	0.00	0.00	0.00	8.00	0.10
9	WHOLE WHEAT FLOUR 25#	25.20	0.00	24.55	15.00	0.00	0.00	25.20	26.00	6.50	0	2.00	26.00	12.00	0.00	0.00	0	0.00	1	0.10	0.10	0.00	0.00	0	lb	0.00	0.00	0.00	0.00	0	50	170	66700	225622.000.00	3				0.0000			0.00	0.00	0.00	0.00	0	0	0.00	0	0.00	0.00	0.00	0.00	8.00	0.10
10	APF 50 Lbs	50.50	0.00	49.80	28.00	0.00	0.00	50.30	50.95	31.80	1	0.00	30.00	20.00	0.00	0.00	0	0.00	1	0.10	0.20	0.00	0.00	0	lb	0.00	0.00	0.00	0.00	0	40	160	73940	368408.960.00	3				0.0000			0.00	0.00	0.00	0.00	0	0	0.00	0	0.00	0.00	0.00	0.00	8.00	0.10
11	Free 11	0.00	0.00	0.00	0.00	0.00	0.00	0.00	0.00	0.00	0	0.00	0.00	0.00	0.00	0.00	0	0.00	0	0.00	0.00	0.00	0.00	0	kg	0.00	0.00	0.00	0.00	0	00	00	00	0.000.00	0				0.0000			0.00	0.00	0.00	0.00	0	0	0.00	0	0.00	0.00	0.00	0.00	0.00	0.00
12	Free 12	0.00	0.00	0.00	0.00	0.00	0.00	0.00	0.00	0.00	0	0.00	0.00	0.00	0.00	0.00	0	0.00	0	0.00	0.00	0.00	0.00	0	kg	0.00	0.00	0.00	0.00	0	00	00	00	0.000.00	0				0.0000			0.00	0.00	0.00	0.00	0	0	0.00	0	0.00	0.00	0.00	0.00	0.00	0.00
13	Free 13	0.00	0.00	0.00	0.00	0.00	0.00	0.00	0.00	0.00	0	0.00	0.00	0.00	0.00	0.00	0	0.00	0	0.00	0.00	0.00	0.00	0	kg	0.00	0.00	0.00	0.00	0	00	00	00	0.000.00	0				0.0000			0.00	0.00	0.00	0.00	0	0	0.00	0	0.00	0.00	0.00	0.00	0.00	0.00
14	Free 14	0.00	0.00	0.00	0.00	0.00	0.00	0.00	0.00	0.00	0	0.00	0.00	0.00	0.00	0.00	0	0.00	0	0.00	0.00	0.00	0.00	0	kg	0.00	0.00	0.00	0.00	0	00	00	00	0.000.00	0				0.0000			0.00	0.00	0.00	0.00	0	0	0.00	0	0.00	0.00	0.00	0.00	0.00	0.00
15	Free 15	0.00	0.00	0.00	0.00	0.00	0.00	0.00	0.00	0.00	0	0.00	0.00	0.00	0.00	0.00	0	0.00	0	0.00	0.00	0.00	0.00	0	kg	0.00	0.00	0.00	0.00	0	00	00	00	0.000.00	0				0.0000			0.00	0.00	0.00	0.00	0	0	0.00	0	0.00	0.00	0.00	0.00	0.00	0.00
16	Free 16	0.00	0.00	0.00	0.00	0.00	0.00	0.00	0.00	0.00	0	0.00	0.00	0.00	0.00	0.00	0	0.00	0	0.00	0.00	0.00	0.00	0	kg	0.00	0.00	0.00	0.00	0	00	00	00	0.000.00	0				0.0000			0.00	0.00	0.00	0.00	0	0	0.00	0	0.00	0.00	0.00	0.00	0.00	0.00
17	Free 17	0.00	0.00	0.00	0.00	0.00	0.00	0.00	0.00	0.00	0	0.00	0.00	0.00	0.00	0.00	0	0.00	0	0.00	0.00	0.00	0.00	0	kg	0.00	0.00	0.00	0.00	0	00	00	00	0.000.00	0				0.0000			0.00	0.00	0.00	0.00	0	0	0.00	0	0.00	0.00	0.00	0.00	0.00	0.00
18	Free 18	0.00	0.00	0.00	0.00	0.00	0.00	0.00	0.00	0.00	0	0.00	0.00	0.00	0.00	0.00	0	0.00	0	0.00	0.00	0.00	0.00	0	kg	0.00	0.00	0.00	0.00	0	00	00	00	0.000.00	0				0.0000			0.00	0.00	0.00	0.00	0	0	0.00	0	0.00	0.00	0.00	0.00	0.00	0.00
19	Free 19	0.00	0.00	0.00	0.00	0.00	0.00	0.00	0.00	0.00	0	0.00	0.00	0.00	0.00	0.00	0	0.00	0	0.00	0.00	0.00	0.00	0	kg	0.00	0.00	0.00	0.00	0	00	00	00	0.000.00	0				0.0000			0.00	0.00	0.00	0.00	0	0	0.00	0	0.00	0.00	0.00	0.00	0.00	0.00
20	Free 20	0.00	0.00	0.00	0.00	0.00	0.00	0.00	0.00	0.00	0	0.00	0.00	0.00	0.00	0.00	0	0.00	0	0.00	0.00	0.00	0.00	0	kg	0.00	0.00	0.00	0.00	0	00	00	00	0.000.00	0				0.0000			0.00	0.00	0.00	0.00	0	0	0.00	0	0.00	0.00	0.00	0.00	0.00	0.00
21	Free 21	0.00	0.00	0.00	0.00	0.00	0.00	0.00	0.00	0.00	0	0.00	0.00	0.00	0.00	0.00	0	0.00	0	0.00	0.00	0.00	0.00	0	kg	0.00	0.00	0.00	0.00	0	00	00	00	0.000.00	0				0.0000			0.00	0.00	0.00	0.00	0	0	0.00	0	0.00	0.00	0.00	0.00	0.00	0.00
22	Free 22	0.00	0.00	0.00	0.00	0.00	0.00	0.00	0.00	0.00	0	0.00	0.00	0.00	0.00	0.00	0	0.00	0	0.00	0.00	0.00	0.00	0	kg	0.00	0.00	0.00	0.00	0	00	00	00	0.000.00	0				0.0000			0.00	0.00	0.00	0.00	0	0	0.00	0	0.00	0.00	0.00	0.00	0.00	0.00
23	Free 23	0.00	0.00	0.00	0.00	0.00	0.00	0.00	0.00	0.00	0	0.00	0.00	0.00	0.00	0.00	0	0.00	0	0.00	0.00	0.00	0.00	0	kg	0.00	0.00	0.00	0.00	0	00	00	00	0.000.00	0				0.0000			0.00	0.00	0.00	0.00	0	0	0.00	0	0.00	0.00	0.00	0.00	0.00	0.00
24	Free 24	0.00	0.00	0.00	0.00	0.00	0.00	0.00	0.00	0.00	0	0.00	0.00	0.00	0.00	0.00	0	0.00	0	0.00	0.00	0.00	0.00	0	kg	0.00	0.00	0.00	0.00	0	00	00	00	0.000.00	0				0.0000			0.00	0.00	0.00	0.00	0	0	0.00	0	0.00	0.00	0.00	0.00	0.00	0.00
25	Free 25	0.00	0.00	0.00	0.00	0.00	0.00	0.00	0.00	0.00	0	0.00	0.00	0.00	0.00	0.00	0	0.00	0	0.00	0.00	0.00	0.00	0	kg	0.00	0.00	0.00	0.00	0	00	00	00	0.000.00	0				0.0000			0.00	0.00	0.00	0.00	0	0	0.00	0	0.00	0.00	0.00	0.00	0.00	0.00
26	Free 26	0.00	0.00	0.00	0.00	0.00	0.00	0.00	0.00	0.00	0	0.00	0.00	0.00	0.00	0.00	0	0.00	0	0.00	0.00	0.00	0.00	0	kg	0.00	0.00	0.00	0.00	0	00	00	00	0.000.00	0				0.0000			0.00	0.00	0.00	0.00	0	0	0.00	0	0.00	0.00	0.00	0.00	0.00	0.00
27	Free 27	0.00	0.00	0.00	0.00	0.00	0.00	0.00	0.00	0.00	0	0.00	0.00	0.00	0.00	0.00	0	0.00	0	0.00	0.00	0.00	0.00	0	kg	0.00	0.00	0.00	0.00	0	00	00	00	0.000.00	0				0.0000			0.00	0.00	0.00	0.00	0	0	0.00	0	0.00	0.00	0.00	0.00	0.00	0.00
28	Free 28	0.00	0.00	0.00	0.00	0.00	0.00	0.00	0.00	0.00	0	0.00	0.00	0.00	0.00	0.00	0	0.00	0	0.00	0.00	0.00	0.00	0	kg	0.00	0.00	0.00	0.00	0	00	00	00	0.000.00	0				0.0000			0.00	0.00	0.00	0.00	0	0	0.00	0	0.00	0.00	0.00	0.00	0.00	0.00
29	Free 29	0.00	0.00	0.00	0.00	0.00	0.00	0.00	0.00	0.00	0	0.00	0.00	0.00	0.00	0.00	0	0.00	0	0.00	0.00	0.00	0.00	0	kg	0.00	0.00	0.00	0.00	0	00	00	00	0.000.00	0				0.0000			0.00	0.00	0.00	0.00	0	0	0.00	0	0.00	0.00	0.00	0.00	0.00	0.00
30	Free 30	0.00	0.00	0.00	0.00	0.00	0.00	0.00	0.00	0.00	0	0.00	0.00	0.00	0.00	0.00	0	0.00	0	0.00	0.00	0.00	0.00	0	kg	0.00	0.00	0.00	0.00	0	00	00	00	0.000.00	0				0.0000			0.00	0.00	0.00	0.00	0	0	0.00	0	0.00	0.00	0.00	0.00	0.00	0.00
31	Free 31	0.00	0.00	0.00	0.00	0.00	0.00	0.00	0.00	0.00	0	0.00	0.00	0.00	0.00	0.00	0	0.00	0	0.00	0.00	0.00	0.00	0	kg	0.00	0.00	0.00	0.00	0	00	00	00	0.000.00	0				0.0000			0.00	0.00	0.00	0.00	0	0	0.00	0	0.00	0.00	0.00	0.00	0.00	0.00
32	Free 32	0.00	0.00	0.00	0.00	0.00	0.00	0.00	0.00	0.00	0	0.00	0.00	0.00	0.00	0.00	0	0.00	0	0.00	0.00	0.00	0.00	0	kg	0.00	0.00	0.00	0.00	0	00	00	00	0.000.00	0				0.0000			0.00	0.00	0.00	0.00	0	0	0.00	0	0.00	0.00	0.00	0.00	0.00	0.00
33	Free 33	0.00	0.00	0.00	0.00	0.00	0.00	0.00	0.00	0.00	0	0.00	0.00	0.00	0.00	0.00	0	0.00	0	0.00	0.00	0.00	0.00	0	kg	0.00	0.00	0.00	0.00	0	00	00	00	0.000.00	0				0.0000			0.00	0.00	0.00	0.00	0	0	0.00	0	0.00	0.00	0.00	0.00	0.00	0.00
34	Free 34	0.00	0.00	0.00	0.00	0.00	0.00	0.00	0.00	0.00	0	0.00	0.00	0.00	0.00	0.00	0	0.00	0	0.00	0.00	0.00	0.00	0	kg	0.00	0.00	0.00	0.00	0	00	00	00	0.000.00	0				0.0000			0.00	0.00	0.00	0.00	0	0	0.00	0	0.00	0.00	0.00	0.00	0.00	0.00
35	Free 35	0.00	0.00	0.00	0.00	0.00	0.00	0.00	0.00	0.00	0	0.00	0.00	0.00	0.00	0.00	0	0.00	0	0.00	0.00	0.00	0.00	0	kg	0.00	0.00	0.00	0.00	0	00	00	00	0.000.00	0				0.0000			0.00	0.00	0.00	0.00	0	0	0.00	0	0.00	0.00	0.00	0.00	0.00	0.00
36	Free 36	0.00	0.00	0.00	0.00	0.00	0.00	0.00	0.00	0.00	0	0.00	0.00	0.00	0.00	0.00	0	0.00	0	0.00	0.00	0.00	0.00	0	kg	0.00	0.00	0.00	0.00	0	00	00	00	0.000.00	0				0.0000			0.00	0.00	0.00	0.00	0	0	0.00	0	0.00	0.00	0.00	0.00	0.00	0.00
37	Free 37	0.00	0.00	0.00	0.00	0.00	0.00	0.00	0.00	0.00	0	0.00	0.00	0.00	0.00	0.00	0	0.00	0	0.00	0.00	0.00	0.00	0	kg	0.00	0.00	0.00	0.00	0	00	00	00	0.000.00	0				0.0000			0.00	0.00	0.00	0.00	0	0	0.00	0	0.00	0.00	0.00	0.00	0.00	0.00
38	Free 38	0.00	0.00	0.00	0.00	0.00	0.00	0.00	0.00	0.00	0	0.00	0.00	0.00	0.00	0.00	0	0.00	0	0.00	0.00	0.00	0.00	0	kg	0.00	0.00	0.00	0.00	0	00	00	00	0.000.00	0				0.0000			0.00	0.00	0.00	0.00	0	0	0.00	0	0.00	0.00	0.00	0.00	0.00	0.00
39	Free 39	0.00	0.00	0.00	0.00	0.00	0.00	0.00	0.00	0.00	0	0.00	0.00	0.00	0.00	0.00	0	0.00	0	0.00	0.00	0.00	0.00	0	kg	0.00	0.00	0.00	0.00	0	00	00	00	0.000.00	0				0.0000			0.00	0.00	0.00	0.00	0	0	0.00	0	0.00	0.00	0.00	0.00	0.00	0.00
40	Free 40	0.00	0.00	0.00	0.00	0.00	0.00	0.00	0.00	0.00	0	0.00	0.00	0.00	0.00	0.00	0	0.00	0	0.00	0.00	0.00	0.00	0	kg	0.00	0.00	0.00	0.00	0	00	00	00	0.000.00	0				0.0000			0.00	0.00	0.00	0.00	0	0	0.00	0	0.00	0.00	0.00	0.00	0.00	0.00
41	Free 41	0.00	0.00	0.00	0.00	0.00	0.00	0.00	0.00	0.00	0	0.00	0.00	0.00	0.00	0.00	0	0.00	0	0.00	0.00	0.00	0.00	0	kg	0.00	0.00	0.00	0.00	0	00	00	00	0.000.00	0				0.0000			0.00	0.00	0.00	0.00	0	0	0.00	0	0.00	0.00	0.00	0.00	0.00	0.00
42	Free 42	0.00	0.00	0.00	0.00	0.00	0.00	0.00	0.00	0.00	0	0.00	0.00	0.00	0.00	0.00	0	0.00	0	0.00	0.00	0.00	0.00	0	kg	0.00	0.00	0.00	0.00	0	00	00	00	0.000.00	0				0.0000			0.00	0.00	0.00	0.00	0	0	0.00	0	0.00	0.00	0.00	0.00	0.00	0.00
43	Free 43	0.00	0.00	0.00	0.00	0.00	0.00	0.00	0.00	0.00	0	0.00	0.00	0.00	0.00	0.00	0	0.00	0	0.00	0.00	0.00	0.00	0	kg	0.00	0.00	0.00	0.00	0	00	00	00	0.000.00	0				0.0000			0.00	0.00	0.00	0.00	0	0	0.00	0	0.00	0.00	0.00	0.00	0.00	0.00
44	Free 44	0.00	0.00	0.00	0.00	0.00	0.00	0.00	0.00	0.00	0	0.00	0.00	0.00	0.00	0.00	0	0.00	0	0.00	0.00	0.00	0.00	0	kg	0.00	0.00	0.00	0.00	0	00	00	00	0.000.00	0				0.0000			0.00	0.00	0.00	0.00	0	0	0.00	0	0.00	0.00	0.00	0.00	0.00	0.00
45	Free 45	0.00	0.00	0.00	0.00	0.00	0.00	0.00	0.00	0.00	0	0.00	0.00	0.00	0.00	0.00	0	0.00	0	0.00	0.00	0.00	0.00	0	kg	0.00	0.00	0.00	0.00	0	00	00	00	0.000.00	0				0.0000			0.00	0.00	0.00	0.00	0	0	0.00	0	0.00	0.00	0.00	0.00	0.00	0.00
46	Free 46	0.00	0.00	0.00	0.00	0.00	0.00	0.00	0.00	0.00	0	0.00	0.00	0.00	0.00	0.00	0	0.00	0	0.00	0.00	0.00	0.00	0	kg	0.00	0.00	0.00	0.00	0	00	00	00	0.000.00	0				0.0000			0.00	0.00	0.00	0.00	0	0	0.00	0	0.00	0.00	0.00	0.00	0.00	0.00
47	Free 47	0.00	0.00	0.00	0.00	0.00	0.00	0.00	0.00	0.00	0	0.00	0.00	0.00	0.00	0.00	0	0.00	0	0.00	0.00	0.00	0.00	0	kg	0.00	0.00	0.00	0.00	0	00	00	00	0.000.00	0				0.0000			0.00	0.00	0.00	0.00	0	0	0.00	0	0.00	0.00	0.00	0.00	0.00	0.00
48	Free 48	0.00	0.00	0.00	0.00	0.00	0.00	0.00	0.00	0.00	0	0.00	0.00	0.00	0.00	0.00	0	0.00	0	0.00	0.00	0.00	0.00	0	kg	0.00	0.00	0.00	0.00	0	00	00	00	0.000.00	0				0.0000			0.00	0.00	0.00	0.00	0	0	0.00	0	0.00	0.00	0.00	0.00	0.00	0.00
49	Free 49	0.00	0.00	0.00	0.00	0.00	0.00	0.00	0.00	0.00	0	0.00	0.00	0.00	0.00	0.00	0	0.00	0	0.00	0.00	0.00	0.00	0	kg	0.00	0.00	0.00	0.00	0	00	00	00	0.000.00	0				0.0000			0.00	0.00	0.00	0.00	0	0	0.00	0	0.00	0.00	0.00	0.00	0.00	0.00
50	Free 50	0.00	0.00	0.00	0.00	0.00	0.00	0.00	0.00	0.00	0	0.00	0.00	0.00	0.00	0.00	0	0.00	0	0.00	0.00	0.00	0.00	0	kg	0.00	0.00	0.00	0.00	0	00	00	00	0.000.00	0				0.0000			0.00	0.00	0.00	0.00	0	0	0.00	0	0.00	0.00	0.00	0.00	0.00	0.00
51	Free 51	0.00	0.00	0.00	0.00	0.00	0.00	0.00	0.00	0.00	0	0.00	0.00	0.00	0.00	0.00	0	0.00	0	0.00	0.00	0.00	0.00	0	kg	0.00	0.00	0.00	0.00	0	00	00	00	0.000.00	0				0.0000			0.00	0.00	0.00	0.00	0	0	0.00	0	0.00	0.00	0.00	0.00	0.00	0.00
52	Free 52	0.00	0.00	0.00	0.00	0.00	0.00	0.00	0.00	0.00	0	0.00	0.00	0.00	0.00	0.00	0	0.00	0	0.00	0.00	0.00	0.00	0	kg	0.00	0.00	0.00	0.00	0	00	00	00	0.000.00	0				0.0000			0.00	0.00	0.00	0.00	0	0	0.00	0	0.00	0.00	0.00	0.00	0.00	0.00
53	Free 53	0.00	0.00	0.00	0.00	0.00	0.00	0.00	0.00	0.00	0	0.00	0.00	0.00	0.00	0.00	0	0.00	0	0.00	0.00	0.00	0.00	0	kg	0.00	0.00	0.00	0.00	0	00	00	00	0.000.00	0				0.0000			0.00	0.00	0.00	0.00	0	0	0.00	0	0.00	0.00	0.00	0.00	0.00	0.00
54	Free 54	0.00	0.00	0.00	0.00	0.00	0.00	0.00	0.00	0.00	0	0.00	0.00	0.00	0.00	0.00	0	0.00	0	0.00	0.00	0.00	0.00	0	kg	0.00	0.00	0.00	0.00	0	00	00	00	0.000.00	0				0.0000			0.00	0.00	0.00	0.00	0	0	0.00	0	0.00	0.00	0.00	0.00	0.00	0.00
55	Free 55	0.00	0.00	0.00	0.00	0.00	0.00	0.00	0.00	0.00	0	0.00	0.00	0.00	0.00	0.00	0	0.00	0	0.00	0.00	0.00	0.00	0	kg	0.00	0.00	0.00	0.00	0	00	00	00	0.000.00	0				0.0000			0.00	0.00	0.00	0.00	0	0	0.00	0	0.00	0.00	0.00	0.00	0.00	0.00
56	Free 56	0.00	0.00	0.00	0.00	0.00	0.00	0.00	0.00	0.00	0	0.00	0.00	0.00	0.00	0.00	0	0.00	0	0.00	0.00	0.00	0.00	0	kg	0.00	0.00	0.00	0.00	0	00	00	00	0.000.00	0				0.0000			0.00	0.00	0.00	0.00	0	0	0.00	0	0.00	0.00	0.00	0.00	0.00	0.00
57	Free 57	0.00	0.00	0.00	0.00	0.00	0.00	0.00	0.00	0.00	0	0.00	0.00	0.00	0.00	0.00	0	0.00	0	0.00	0.00	0.00	0.00	0	kg	0.00	0.00	0.00	0.00	0	00	00	00	0.000.00	0				0.0000			0.00	0.00	0.00	0.00	0	0	0.00	0	0.00	0.00	0.00	0.00	0.00	0.00
58	Free 58	0.00	0.00	0.00	0.00	0.00	0.00	0.00	0.00	0.00	0	0.00	0.00	0.00	0.00	0.00	0	0.00	0	0.00	0.00	0.00	0.00	0	kg	0.00	0.00	0.00	0.00	0	00	00	00	0.000.00	0				0.0000			0.00	0.00	0.00	0.00	0	0	0.00	0	0.00	0.00	0.00	0.00	0.00	0.00
59	Free 59	0.00	0.00	0.00	0.00	0.00	0.00	0.00	0.00	0.00	0	0.00	0.00	0.00	0.00	0.00	0	0.00	0	0.00	0.00	0.00	0.00	0	kg	0.00	0.00	0.00	0.00	0	00	00	00	0.000.00	0				0.0000			0.00	0.00	0.00	0.00	0	0	0.00	0	0.00	0.00	0.00	0.00	0.00	0.00
60	Free 60	0.00	0.00	0.00	0.00	0.00	0.00	0.00	0.00	0.00	0	0.00	0.00	0.00	0.00	0.00	0	0.00	0	0.00	0.00	0.00	0.00	0	kg	0.00	0.00	0.00	0.00	0	00	00	00	0.000.00	0				0.0000			0.00	0.00	0.00	0.00	0	0	0.00	0	0.00	0.00	0.00	0.00	0.00	0.00
61	Free 61	0.00	0.00	0.00	0.00	0.00	0.00	0.00	0.00	0.00	0	0.00	0.00	0.00	0.00	0.00	0	0.00	0	0.00	0.00	0.00	0.00	0	kg	0.00	0.00	0.00	0.00	0	00	00	00	0.000.00	0				0.0000			0.00	0.00	0.00	0.00	0	0	0.00	0	0.00	0.00	0.00	0.00	0.00	0.00
62	Free 62	0.00	0.00	0.00	0.00	0.00	0.00	0.00	0.00	0.00	0	0.00	0.00	0.00	0.00	0.00	0	0.00	0	0.00	0.00	0.00	0.00	0	kg	0.00	0.00	0.00	0.00	0	00	00	00	0.000.00	0				0.0000			0.00	0.00	0.00	0.00	0	0	0.00	0	0.00	0.00	0.00	0.00	0.00	0.00
63	Free 63	0.00	0.00	0.00	0.00	0.00	0.00	0.00	0.00	0.00	0	0.00	0.00	0.00	0.00	0.00	0	0.00	0	0.00	0.00	0.00	0.00	0	kg	0.00	0.00	0.00	0.00	0	00	00	00	0.000.00	0				0.0000			0.00	0.00	0.00	0.00	0	0	0.00	0	0.00	0.00	0.00	0.00	0.00	0.00
64	Free 64	0.00	0.00	0.00	0.00	0.00	0.00	0.00	0.00	0.00	0	0.00	0.00	0.00	0.00	0.00	0	0.00	0	0.00	0.00	0.00	0.00	0	kg	0.00	0.00	0.00	0.00	0	00	00	00	0.000.00	0				0.0000			0.00	0.00	0.00	0.00	0	0	0.00	0	0.00	0.00	0.00	0.00	0.00	0.00
65	Free 65	0.00	0.00	0.00	0.00	0.00	0.00	0.00	0.00	0.00	0	0.00	0.00	0.00	0.00	0.00	0	0.00	0	0.00	0.00	0.00	0.00	0	kg	0.00	0.00	0.00	0.00	0	00	00	00	0.000.00	0				0.0000			0.00	0.00	0.00	0.00	0	0	0.00	0	0.00	0.00	0.00	0.00	0.00	0.00
66	Free 66	0.00	0.00	0.00	0.00	0.00	0.00	0.00	0.00	0.00	0	0.00	0.00	0.00	0.00	0.00	0	0.00	0	0.00	0.00	0.00	0.00	0	kg	0.00	0.00	0.00	0.00	0	00	00	00	0.000.00	0				0.0000			0.00	0.00	0.00	0.00	0	0	0.00	0	0.00	0.00	0.00	0.00	0.00	0.00
67	Free 67	0.00	0.00	0.00	0.00	0.00	0.00	0.00	0.00	0.00	0	0.00	0.00	0.00	0.00	0.00	0	0.00	0	0.00	0.00	0.00	0.00	0	kg	0.00	0.00	0.00	0.00	0	00	00	00	0.000.00	0				0.0000			0.00	0.00	0.00	0.00	0	0	0.00	0	0.00	0.00	0.00	0.00	0.00	0.00
68	Free 68	0.00	0.00	0.00	0.00	0.00	0.00	0.00	0.00	0.00	0	0.00	0.00	0.00	0.00	0.00	0	0.00	0	0.00	0.00	0.00	0.00	0	kg	0.00	0.00	0.00	0.00	0	00	00	00	0.000.00	0				0.0000			0.00	0.00	0.00	0.00	0	0	0.00	0	0.00	0.00	0.00	0.00	0.00	0.00
69	Free 69	0.00	0.00	0.00	0.00	0.00	0.00	0.00	0.00	0.00	0	0.00	0.00	0.00	0.00	0.00	0	0.00	0	0.00	0.00	0.00	0.00	0	kg	0.00	0.00	0.00	0.00	0	00	00	00	0.000.00	0				0.0000			0.00	0.00	0.00	0.00	0	0	0.00	0	0.00	0.00	0.00	0.00	0.00	0.00
70	Free 70	0.00	0.00	0.00	0.00	0.00	0.00	0.00	0.00	0.00	0	0.00	0.00	0.00	0.00	0.00	0	0.00	0	0.00	0.00	0.00	0.00	0	kg	0.00	0.00	0.00	0.00	0	00	00	00	0.000.00	0				0.0000			0.00	0.00	0.00	0.00	0	0	0.00	0	0.00	0.00	0.00	0.00	0.00	0.00
71	Free 71	0.00	0.00	0.00	0.00	0.00	0.00	0.00	0.00	0.00	0	0.00	0.00	0.00	0.00	0.00	0	0.00	0	0.00	0.00	0.00	0.00	0	kg	0.00	0.00	0.00	0.00	0	00	00	00	0.000.00	0				0.0000			0.00	0.00	0.00	0.00	0	0	0.00	0	0.00	0.00	0.00	0.00	0.00	0.00
72	Free 72	0.00	0.00	0.00	0.00	0.00	0.00	0.00	0.00	0.00	0	0.00	0.00	0.00	0.00	0.00	0	0.00	0	0.00	0.00	0.00	0.00	0	kg	0.00	0.00	0.00	0.00	0	00	00	00	0.000.00	0				0.0000			0.00	0.00	0.00	0.00	0	0	0.00	0	0.00	0.00	0.00	0.00	0.00	0.00
73	Free 73	0.00	0.00	0.00	0.00	0.00	0.00	0.00	0.00	0.00	0	0.00	0.00	0.00	0.00	0.00	0	0.00	0	0.00	0.00	0.00	0.00	0	kg	0.00	0.00	0.00	0.00	0	00	00	00	0.000.00	0				0.0000			0.00	0.00	0.00	0.00	0	0	0.00	0	0.00	0.00	0.00	0.00	0.00	0.00
74	Free 74	0.00	0.00	0.00	0.00	0.00	0.00	0.00	0.00	0.00	0	0.00	0.00	0.00	0.00	0.00	0	0.00	0	0.00	0.00	0.00	0.00	0	kg	0.00	0.00	0.00	0.00	0	00	00	00	0.000.00	0				0.0000			0.00	0.00	0.00	0.00	0	0	0.00	0	0.00	0.00	0.00	0.00	0.00	0.00
75	Free 75	0.00	0.00	0.00	0.00	0.00	0.00	0.00	0.00	0.00	0	0.00	0.00	0.00	0.00	0.00	0	0.00	0	0.00	0.00	0.00	0.00	0	kg	0.00	0.00	0.00	0.00	0	00	00	00	0.000.00	0				0.0000			0.00	0.00	0.00	0.00	0	0	0.00	0	0.00	0.00	0.00	0.00	0.00	0.00
76	Free 76	0.00	0.00	0.00	0.00	0.00	0.00	0.00	0.00	0.00	0	0.00	0.00	0.00	0.00	0.00	0	0.00	0	0.00	0.00	0.00	0.00	0	kg	0.00	0.00	0.00	0.00	0	00	00	00	0.000.00	0				0.0000			0.00	0.00	0.00	0.00	0	0	0.00	0	0.00	0.00	0.00	0.00	0.00	0.00
77	Free 77	0.00	0.00	0.00	0.00	0.00	0.00	0.00	0.00	0.00	0	0.00	0.00	0.00	0.00	0.00	0	0.00	0	0.00	0.00	0.00	0.00	0	kg	0.00	0.00	0.00	0.00	0	00	00	00	0.000.00	0				0.0000			0.00	0.00	0.00	0.00	0	0	0.00	0	0.00	0.00	0.00	0.00	0.00	0.00
78	Free 78	0.00	0.00	0.00	0.00	0.00	0.00	0.00	0.00	0.00	0	0.00	0.00	0.00	0.00	0.00	0	0.00	0	0.00	0.00	0.00	0.00	0	kg	0.00	0.00	0.00	0.00	0	00	00	00	0.000.00	0				0.0000			0.00	0.00	0.00	0.00	0	0	0.00	0	0.00	0.00	0.00	0.00	0.00	0.00
79	Free 79	0.00	0.00	0.00	0.00	0.00	0.00	0.00	0.00	0.00	0	0.00	0.00	0.00	0.00	0.00	0	0.00	0	0.00	0.00	0.00	0.00	0	kg	0.00	0.00	0.00	0.00	0	00	00	00	0.000.00	0				0.0000			0.00	0.00	0.00	0.00	0	0	0.00	0	0.00	0.00	0.00	0.00	0.00	0.00
80	Free 80	0.00	0.00	0.00	0.00	0.00	0.00	0.00	0.00	0.00	0	0.00	0.00	0.00	0.00	0.00	0	0.00	0	0.00	0.00	0.00	0.00	0	kg	0.00	0.00	0.00	0.00	0	00	00	00	0.000.00	0				0.0000			0.00	0.00	0.00	0.00	0	0	0.00	0	0.00	0.00	0.00	0.00	0.00	0.00
81	Free 81	0.00	0.00	0.00	0.00	0.00	0.00	0.00	0.00	0.00	0	0.00	0.00	0.00	0.00	0.00	0	0.00	0	0.00	0.00	0.00	0.00	0	kg	0.00	0.00	0.00	0.00	0	00	00	00	0.000.00	0				0.0000			0.00	0.00	0.00	0.00	0	0	0.00	0	0.00	0.00	0.00	0.00	0.00	0.00
82	Free 82	0.00	0.00	0.00	0.00	0.00	0.00	0.00	0.00	0.00	0	0.00	0.00	0.00	0.00	0.00	0	0.00	0	0.00	0.00	0.00	0.00	0	kg	0.00	0.00	0.00	0.00	0	00	00	00	0.000.00	0				0.0000			0.00	0.00	0.00	0.00	0	0	0.00	0	0.00	0.00	0.00	0.00	0.00	0.00
83	Free 83	0.00	0.00	0.00	0.00	0.00	0.00	0.00	0.00	0.00	0	0.00	0.00	0.00	0.00	0.00	0	0.00	0	0.00	0.00	0.00	0.00	0	kg	0.00	0.00	0.00	0.00	0	00	00	00	0.000.00	0				0.0000			0.00	0.00	0.00	0.00	0	0	0.00	0	0.00	0.00	0.00	0.00	0.00	0.00
84	Free 84	0.00	0.00	0.00	0.00	0.00	0.00	0.00	0.00	0.00	0	0.00	0.00	0.00	0.00	0.00	0	0.00	0	0.00	0.00	0.00	0.00	0	kg	0.00	0.00	0.00	0.00	0	00	00	00	0.000.00	0				0.0000			0.00	0.00	0.00	0.00	0	0	0.00	0	0.00	0.00	0.00	0.00	0.00	0.00
85	Free 85	0.00	0.00	0.00	0.00	0.00	0.00	0.00	0.00	0.00	0	0.00	0.00	0.00	0.00	0.00	0	0.00	0	0.00	0.00	0.00	0.00	0	kg	0.00	0.00	0.00	0.00	0	00	00	00	0.000.00	0				0.0000			0.00	0.00	0.00	0.00	0	0	0.00	0	0.00	0.00	0.00	0.00	0.00	0.00
86	Free 86	0.00	0.00	0.00	0.00	0.00	0.00	0.00	0.00	0.00	0	0.00	0.00	0.00	0.00	0.00	0	0.00	0	0.00	0.00	0.00	0.00	0	kg	0.00	0.00	0.00	0.00	0	00	00	00	0.000.00	0				0.0000			0.00	0.00	0.00	0.00	0	0	0.00	0	0.00	0.00	0.00	0.00	0.00	0.00
87	Free 87	0.00	0.00	0.00	0.00	0.00	0.00	0.00	0.00	0.00	0	0.00	0.00	0.00	0.00	0.00	0	0.00	0	0.00	0.00	0.00	0.00	0	kg	0.00	0.00	0.00	0.00	0	00	00	00	0.000.00	0				0.0000			0.00	0.00	0.00	0.00	0	0	0.00	0	0.00	0.00	0.00	0.00	0.00	0.00
88	Free 88	0.00	0.00	0.00	0.00	0.00	0.00	0.00	0.00	0.00	0	0.00	0.00	0.00	0.00	0.00	0	0.00	0	0.00	0.00	0.00	0.00	0	kg	0.00	0.00	0.00	0.00	0	00	00	00	0.000.00	0				0.0000			0.00	0.00	0.00	0.00	0	0	0.00	0	0.00	0.00	0.00	0.00	0.00	0.00
89	Free 89	0.00	0.00	0.00	0.00	0.00	0.00	0.00	0.00	0.00	0	0.00	0.00	0.00	0.00	0.00	0	0.00	0	0.00	0.00	0.00	0.00	0	kg	0.00	0.00	0.00	0.00	0	00	00	00	0.000.00	0				0.0000			0.00	0.00	0.00	0.00	0	0	0.00	0	0.00	0.00	0.00	0.00	0.00	0.00
90	Free 90	0.00	0.00	0.00	0.00	0.00	0.00	0.00	0.00	0.00	0	0.00	0.00	0.00	0.00	0.00	0	0.00	0	0.00	0.00	0.00	0.00	0	kg	0.00	0.00	0.00	0.00	0	00	00	00	0.000.00	0				0.0000			0.00	0.00	0.00	0.00	0	0	0.00	0	0.00	0.00	0.00	0.00	0.00	0.00
91	Free 91	0.00	0.00	0.00	0.00	0.00	0.00	0.00	0.00	0.00	0	0.00	0.00	0.00	0.00	0.00	0	0.00	0	0.00	0.00	0.00	0.00	0	kg	0.00	0.00	0.00	0.00	0	00	00	00	0.000.00	0				0.0000			0.00	0.00	0.00	0.00	0	0	0.00	0	0.00	0.00	0.00	0.00	0.00	0.00
92	Free 92	0.00	0.00	0.00	0.00	0.00	0.00	0.00	0.00	0.00	0	0.00	0.00	0.00	0.00	0.00	0	0.00	0	0.00	0.00	0.00	0.00	0	kg	0.00	0.00	0.00	0.00	0	00	00	00	0.000.00	0				0.0000			0.00	0.00	0.00	0.00	0	0	0.00	0	0.00	0.00	0.00	0.00	0.00	0.00
93	Free 93	0.00	0.00	0.00	0.00	0.00	0.00	0.00	0.00	0.00	0	0.00	0.00	0.00	0.00	0.00	0	0.00	0	0.00	0.00	0.00	0.00	0	kg	0.00	0.00	0.00	0.00	0	00	00	00	0.000.00	0				0.0000			0.00	0.00	0.00	0.00	0	0	0.00	0	0.00	0.00	0.00	0.00	0.00	0.00
94	Free 94	0.00	0.00	0.00	0.00	0.00	0.00	0.00	0.00	0.00	0	0.00	0.00	0.00	0.00	0.00	0	0.00	0	0.00	0.00	0.00	0.00	0	kg	0.00	0.00	0.00	0.00	0	00	00	00	0.000.00	0				0.0000			0.00	0.00	0.00	0.00	0	0	0.00	0	0.00	0.00	0.00	0.00	0.00	0.00
95	Free 95	0.00	0.00	0.00	0.00	0.00	0.00	0.00	0.00	0.00	0	0.00	0.00	0.00	0.00	0.00	0	0.00	0	0.00	0.00	0.00	0.00	0	kg	0.00	0.00	0.00	0.00	0	00	00	00	0.000.00	0				0.0000			0.00	0.00	0.00	0.00	0	0	0.00	0	0.00	0.00	0.00	0.00	0.00	0.00
96	Free 96	0.00	0.00	0.00	0.00	0.00	0.00	0.00	0.00	0.00	0	0.00	0.00	0.00	0.00	0.00	0	0.00	0	0.00	0.00	0.00	0.00	0	kg	0.00	0.00	0.00	0.00	0	00	00	00	0.000.00	0				0.0000			0.00	0.00	0.00	0.00	0	0	0.00	0	0.00	0.00	0.00	0.00	0.00	0.00
97	Free 97	0.00	0.00	0.00	0.00	0.00	0.00	0.00	0.00	0.00	0	0.00	0.00	0.00	0.00	0.00	0	0.00	0	0.00	0.00	0.00	0.00	0	kg	0.00	0.00	0.00	0.00	0	00	00	00	0.000.00	0				0.0000			0.00	0.00	0.00	0.00	0	0	0.00	0	0.00	0.00	0.00	0.00	0.00	0.00
98	Free 98	0.00	0.00	0.00	0.00	0.00	0.00	0.00	0.00	0.00	0	0.00	0.00	0.00	0.00	0.00	0	0.00	0	0.00	0.00	0.00	0.00	0	kg	0.00	0.00	0.00	0.00	0	00	00	00	0.000.00	0				0.0000			0.00	0.00	0.00	0.00	0	0	0.00	0	0.00	0.00	0.00	0.00	0.00	0.00
99	Free 99	0.00	0.00	0.00	0.00	0.00	0.00	0.00	0.00	0.00	0	0.00	0.00	0.00	0.00	0.00	0	0.00	0	0.00	0.00	0.00	0.00	0	kg	0.00	0.00	0.00	0.00	0	00	00	00	0.000.00	0				0.0000			0.00	0.00	0.00	0.00	0	0	0.00	0	0.00	0.00	0.00	0.00	0.00	0.00
100	Free 100	0.00	0.00	0.00	0.00	0.00	0.00	0.00	0.00	0.00	0	0.00	0.00	0.00	0.00	0.00	0	0.00	0	0.00	0.00	0.00	0.00	0	kg	0.00	0.00	0.00	0.00	0	00	00	00	0.000.00	0				0.0000			0.00	0.00	0.00	0.00	0	0	0.00	0	0.00	0.00	0.00	0.00	0.00	0.00
